"USER_ID";"FIRST_NAME";"MIDDLE_NAME";"LAST_NAME";"PHONE_NUMBER";"EMAIL";"USERNAME";"USER_PASSWORD";"REGISTERED_AT"
1;"Jody";"";"Cabell";"256 375 7831";"ccabell0@cbslocal.com";"ccabell0";"WEbtnzfbUDDW";19.08.15 17:25:56,000000000
2;"Obie";"Kristina";"Wyche";"565 270 7798";"kwyche1@un.org";"kwyche1";"sPSfFYsMRFsi";19.01.05 14:35:29,000000000
3;"Harland";"Jeffie";"Monaghan";"303 296 7661";"jmonaghan2@sciencedaily.com";"jmonaghan2";"7yhuPjF5ktJ";21.10.19 22:00:02,000000000
4;"Elisha";"";"Pelham";"227 801 2408";"epelham3@sfgate.com";"hpelham3";"sM3D0abL9Tp";21.03.06 02:21:18,000000000
5;"Ileane";"";"Dendle";"563 933 9672";"adendle4@nba.com";"ldendle4";"e2fEAnSW2q";20.10.19 22:41:07,000000000
6;"Jere";"";"McConville";"976 967 1637";"mmcconville5@usa.gov";"jmcconville5";"iYDgZSHWC3u";20.03.09 20:42:35,000000000
7;"Rosette";"";"Kelly";"668 596 4040";"mkelly6@drupal.org";"skelly6";"9Kab3oZWR";21.11.05 15:51:48,000000000
8;"Boone";"Cornela";"Kilby";"354 862 1868";"ckilby7@sitemeter.com";"ckilby7";"ipTiROqL";21.09.22 12:49:57,000000000
9;"Sara-ann";"Bernadine";"Brecon";"414 469 2292";"bbrecon8@ox.ac.uk";"bbrecon8";"rPbV7Qw";18.07.01 12:16:41,000000000
10;"Bartlett";"Zahara";"Menco";"650 868 9081";"zmenco9@friendfeed.com";"zmenco9";"IO2zZ8Q8";18.02.21 10:07:05,000000000
11;"Orly";"Sayre";"Bogeys";"197 771 6322";"sbogeysa@deviantart.com";"sbogeysa";"ZWrAsb";20.07.20 00:12:48,000000000
12;"Evonne";"Othella";"Warin";"930 187 2285";"owarinb@illinois.edu";"owarinb";"SHg9GN0ji";19.05.12 22:37:18,000000000
13;"Jaime";"Engracia";"Boles";"756 463 9878";"ebolesc@bandcamp.com";"ebolesc";"EYzbEd8CWxa";18.03.09 00:18:45,000000000
14;"Urson";"";"Keford";"248 423 8798";"rkefordd@ning.com";"mkefordd";"ybSzERUTi";21.11.06 22:53:08,000000000
15;"Cate";"Alvy";"Spreag";"519 442 5275";"aspreage@aboutads.info";"aspreage";"gVIu511G";21.11.25 14:57:08,000000000
16;"Cary";"Geordie";"Burborough";"426 720 7069";"gburboroughf@google.ru";"gburboroughf";"2MA7Y1t";21.11.25 06:54:20,000000000
17;"Arel";"";"Grinnikov";"579 653 2134";"ggrinnikovg@flickr.com";"lgrinnikovg";"sqoU66";21.04.22 09:47:00,000000000
18;"Helsa";"Quincey";"Saddleton";"634 381 0198";"qsaddletonh@ask.com";"qsaddletonh";"2XbBrzpWYMO";18.11.22 21:19:45,000000000
19;"Buiron";"Melina";"Wilds";"121 459 7245";"mwildsi@dagondesign.com";"mwildsi";"H9lKOFl4A";18.01.26 07:55:53,000000000
